<?xml version="1.0" encoding="UTF-8"?>
<project-private xmlns="http://www.netbeans.org/ns/project-private/1">
    <editor-bookmarks xmlns="http://www.netbeans.org/ns/editor-bookmarks/2" lastBookmarkId="0"/>
    <open-files xmlns="http://www.netbeans.org/ns/projectui-open-files/2">
        <group>
            <file>file:/C:/Users/samue/Desktop/UIDE/Informática/Juegos%20Netbeans/Comunicación%20Serial/Comunicación%20Serial/src/comunicación/serial/ComunicaciónSerial.java</file>
            <file>file:/C:/Users/samue/Desktop/UIDE/Informática/Juegos%20Netbeans/Comunicación%20Serial/Comunicación%20Serial/src/comunicación/serial/FrmComunicacionSerial.java</file>
        </group>
    </open-files>
</project-private>
